development_commit	published_commit
001982157fb5dc1cfebe33da93478b1831662ac4	52febfae2e1bd08ac1778f65373c263beb1a5ddf
03e6daf3133bc62f3efcb2a4f2931e91e21d6159	eb6c322b2ec756997201586585d28c98557664ae
05145e41cc0deaa892121c9dbe5d63d34602caba	eac626a869527cbbd89dbe98ac1f13096ac0f659
0826508062157b0eefbbaf3e1c7b2f2ce12e08ae	0000000000000000000000000000000000000000
086c940d9bb45af612f5d11649971302dd1946a4	2f0d5b18d4616fec658efee48c315934cbf11704
08a91baf890b6871f17383cd149ad3b67b8d8fdc	3d7911d870768d1e40346826851ddaab04da687b
0d373527dc85cbad4667b7b84b5690ba4cb768af	bce258cb05908c24ba1eace8a469fed5afeb3248
0e518b1e71166fe02ef17198b2b9e1e94bfcca27	0000000000000000000000000000000000000000
0f492e48b86367c162fedda287d42257205b3c25	0000000000000000000000000000000000000000
0fde35ddfe6eb31b8e13946e3c4f088ae8767cf4	25c7f02aac6a5216ebf0f23d69519c261887fb52
12cef827eefc0f016332a8f00725af30c7103842	0000000000000000000000000000000000000000
1501d2f00adcf4226a3d66c4e79555ca5c9c4e4b	7bb93ea560da97fc3661431da4abbf583d7ed1b9
15f3a8462d29f81f14691c332dfe87c827aa296b	8000374348c068d0f34f479570212efb41d53b07
1687a30c21aed5e66fc40cffdb25dce13acf96ae	0000000000000000000000000000000000000000
174ae039289a914937f5313bf28ff8c3fec23856	0000000000000000000000000000000000000000
1c06de75bd5d842d0ff1771fc77f2bee0da88cb1	0000000000000000000000000000000000000000
1d0c80e5cb64d2988595be292450d466bf585f6c	56ea54f09468fc3387c1fcdf8406ddf6b82e2dea
1fcd3dca1444d6a470ef52f86a1305670009569d	710c828f85198dc4ee2426a2068c12e57995cb35
21d7bba0d6e018d6e97f1303c19eba7812b10c99	638a0bf11776fa2f49ce77bcbb065452b15a7bc8
21f5895955bbef97e541320efb9f4f1303cfa576	0000000000000000000000000000000000000000
220b0e9ff698c6882f49676063556254cccf2dee	475bfe3173bf0039d98febb555416b05da5bf263
23ffc3c11d4df533228003971bcd22e1503f9e84	aa066ffef419a764dbba40908d63e938153463c3
2649350337acaefbd3531eb16d078d650849f0a3	0000000000000000000000000000000000000000
2712945d845a7a9b7b5f6d1b2807227f330e3ef0	0000000000000000000000000000000000000000
272807787dc7100da364f5ac980d12c84fb19963	a606ea20e5b9dc2aba88ecd19343ea3f83c1846c
27bcb29e99baf1308b499e07ec1310be79aeb49f	0000000000000000000000000000000000000000
2a87b17ecb81199e9399d1e64bf91a629195785b	0000000000000000000000000000000000000000
2e87198db532a47cce578a486f4cf23b5b411233	559594a4e145791aabf85e733d74148a870ca1b3
321d5dbfa53f98edd44c92ebfcf432ee0e169d45	b8c25e6a4208f2cabf72478189fc240532e84ea7
33517d47b7eae9020e55e635735ab4d7d44c7147	16d593b7f7362bff88c6eef12e2e98df0f2d21e0
33ba267e73b0d92b1c3d212191280913001dae7b	0000000000000000000000000000000000000000
34b56ca06eff34d14dc0c531a336ed448c494449	6876c01c6502f9d9a98ef25686a7ccfba3015fe4
34b839bc7a7306d27e621009d11529341375bc6c	0000000000000000000000000000000000000000
34d19f701767ac629d17edd5d9abade66373bc0d	90929faa0f39ca6626984bb0869f2b097b9f3408
359825561663d15155f8f23ab9f796b5be3a0a6c	a4827c7bee8641df418d14ae6ef45a74f1c21a90
36bda2d72c7c958987c8cbe1410ddfe8c6eb0321	0000000000000000000000000000000000000000
36f1cbbac5174f863b651be0bedb786e750890b1	c962eac586892a30820f11ec1bf40abe927a3ff1
3a464a9d539e192f6d26a27fc7272b2ca1faf5eb	a346b345892db6d5e107cafaea7136d72b7309c7
3bfde014497b0010d4bb42655b422cc15724917b	a2c5571657f4ba51f6f6ad83fca1069e7fc96310
3cb7829a99ad630c3525719771e0a4107ee5a301	0000000000000000000000000000000000000000
3f1261513e2d253d6a683ae7a0b2adbf4dfff905	0000000000000000000000000000000000000000
43455f29106d485788e9958055f17ae5b0828e89	dafa26f9f3b329d20cb850a349fc6e8c7a613e43
447af599659b6873328d8ee26af2324f4b371214	e82fcae609dcc625ac6b6dc25032cb33c1e9e73a
44a188af400ea8ae8f6545e7dadb89f989ccb418	0000000000000000000000000000000000000000
4994647c4ed4c9eb00c20cf73e82b07aa092c667	2bc48f03f7ceae1d6b6230b43e1882a00cbc2b12
49a979238f96ecfe81bfe2be60314ecc656e9f70	0000000000000000000000000000000000000000
4a0187ff8ea9cc6de2c593b69b88b23211260ecb	0000000000000000000000000000000000000000
4a9394799ed87517f89e1800aacd22bfb7e37627	0000000000000000000000000000000000000000
4a93f985b6d2dab43243b10d600d12f1b5bc41ff	98175d74146f0662e2947946c764ccef7ead6cf6
4ab1429650374093be4f8431419dce63f1b65df4	0000000000000000000000000000000000000000
4d51bf16f7ff356040a1c039b3630f6844345cc9	a1beeb50ee1745e06c958e3620af40754a0feb5c
4f14617f133cbdcf492656394299a04ccadf886f	3320458ae2671be2d3dec7fbd3ded151387df5e6
511ca52bbf9d9e490316710d69f6e2c609b050d7	5d083578b926875947c728ae363932664aed880f
51d199f728696526216cb174edf2b2d5babf4985	0000000000000000000000000000000000000000
55a4011801f67119bf217c36bd651f636aba01fc	e27e0f587fb18428e1252ea31f69de4b1079a91d
572eaeb57e22cc8a3f74315a7c784d6f4a77497d	dce62726412f15652ef3349fd514ba46deb54a7c
58d5e77a3b361539e15cd8d742c7bb0ceadca15a	eef573ed265177021081d88a2c9f70e5bb424b2f
5b7640b5ba8c524936e629e91325f48251619dcd	cb8e8c48040a9ac3c3b43bec35eae007f9b01318
5e5db24dd56518716c36b35c42b826767672d57a	0000000000000000000000000000000000000000
5ecd97175b402c7ee2ebfcd40b240e6337aa5a82	2f009265a0b87c2bd7ea41702a9de77b287304c0
5fbf9353900ee8491be0f2e07b226980341ac3f0	9f3f2ea3809bfd25c68d6c050dafc427a040b476
6120d987b8a1a0e9fdd220ddb6a02def710e5176	0000000000000000000000000000000000000000
617742712df1f85a7b081936d67290770d368ad0	0000000000000000000000000000000000000000
62bcfc3ae8bfad391cbfa5bb5739f482f88bd7b8	a3c6e759ce0efcd60383be14d0f1ed795eb4c455
6404bda3d7047207533feca52f8bdf00d2f64c61	4bbbdbd4a539be2a0489d0b4e877f0b74c4c22f9
65ea3e0822c48c6936a2fd0f62398311872a18c9	0000000000000000000000000000000000000000
6682432fe3f440b6997648fbc2dbddf9ba5dd26e	f13eef8feb0d8abd93beb7c078ccc7d4ebc409d7
672cac13f19f18acd53d3ddf60541d336cf86a68	1714f917083d9b1219e8edba047baf1bf1130c30
6a501895c7c0a1597d5cb7ebb44eb8a3ce270e54	0000000000000000000000000000000000000000
6d44e19df4b5a5a6db55bc94aeed01b58174a239	3f9b943953c43c5a31989b1ebca9b7c68f701ccd
6e26ab6bf4557e35a4d77aca458328be05e5adf8	0000000000000000000000000000000000000000
6e5bee8ed91be0fe43bfffa92498aecdad27fed9	0000000000000000000000000000000000000000
6ed713df0a93df251ebd36fcf057c7fae77fcb9d	5454a0126229c97a3f9eedc31fb76d6034a22c89
6ff2ddf364460f7fd310b437b4ed4cfbdb230e1f	e835797877e14c6219f300339c91b4af7f140ae6
70aee16a6fffdf721e911c9c255394326e877a77	3f490fa28a902dd5e262554a20157961e9b972e0
722a4add55e5e802e3c700808428ffdf9c093a37	0000000000000000000000000000000000000000
76a8ef7e7515cb0fc1dbee2c386cfd3563959f98	c4936860ba59b2b898b5ae12881304a568dd8c46
7afa0523469f451ac3187d9349ef5bda1ccc4e4a	f3bf9cd4425e088b73295e6776f95c8057febdfc
7b3bbe99d9e0c9cdfc302b02ca11a7ae5daf7407	7a425fddf509dd3a261d6c59cf2cc80c68faa8ef
7ba48051707a7fa47ed542ca753c06306ab29758	61910974154448584b82aa2688109836415c2838
7bd4b484518deb5d29a4f86faab4104770a55159	222236b793499e5413daba2a1363581a1b8b0f57
7e8a8a21f778e745504d5369ec578fa7146b2e75	0000000000000000000000000000000000000000
7ee23738563780903c6d449aa5b3dcc0dd9b21dc	eaedb0d9f2760d7835c71e69198b3e115ff9a3ec
80771e6f88053c9143be9cabcdc14f5c7acf691a	0000000000000000000000000000000000000000
8138c3a0e3efca452cc042b8de4c22761182e923	ec493b690d29a3876ed997328f46fe80b152ab80
81eec0a409e6b88b5e836fde0c6128841d6378bc	0000000000000000000000000000000000000000
825a49a8ca04b0db1544635d8008e35dac659d49	976baaf170e30d83d19273745e43797e6f4b648d
8790ded0f1e757605eb70e658379b35dbbd8a8d7	9563b304b117a6eed53f8d8fa6278a35c4ebe83e
8a1b661625b0b552114a27416a2fb212ab76b9ab	0000000000000000000000000000000000000000
8a8766d262e2eeefe2562a7ec6f6eb490c53241e	0000000000000000000000000000000000000000
8ca648b981d7783fe633d019d89722866a0fb43f	2eb5660ae028a08fb0d5991cd5ebe7346ceb6e23
9340bdd562280b3576c256d2d50fe526e6d87262	7dc7a677a75d2e843f63be97875f2f795bee269d
99304a425f9fb380737e0997621104ac69f0fc7e	0000000000000000000000000000000000000000
9a8837c9c2ff68a20222f0774e8af0da07cfa7a1	45243771869f5aa9b03f16382eb243730c291169
9ab338c284c1337d545328e6c6deffacd72fc984	e4cb7d7acf921e7979e3d4314c915ad40395a463
9c622dc253152b99bcc2fb2db84592dcd27a5a0d	bc4caca0fde29ec30d00e07e7bb1663af214040f
9cd3cca59ce2038b3cbcc4eff4e566add958fbc9	0000000000000000000000000000000000000000
9dcb6ced0a0e23b887dd76bb1c59d52be96be5cd	0000000000000000000000000000000000000000
9e904713a5b7e845d4337d46c07ff9f245bcd1c2	9da14e8fb8dce1e730b6cf7200dd71a17b4bf3a4
9fadbf8313dd2139a7ed5212a832694ed092d25d	3d501e3fe8ac95c9a41be6c00a3f1cc804d0fc19
a641157e0345504a75ae5f5797bb348a1fe2c80e	0000000000000000000000000000000000000000
a6884380009a830c0f7f6532ed137042a2d5a64f	e2443c718bc50ba44df3889aace0087c748a64c6
a8273fe6619df2a8920469397585fc439470701f	0000000000000000000000000000000000000000
a8f36b2afe52587f368e2f23785acfc9a8045c7f	0000000000000000000000000000000000000000
aa1a67219dc61a001fb4f141ceb1fedba1115a34	0000000000000000000000000000000000000000
af6df357c02e55a5a619a26e3a329034a55211f6	9658252feb8431a410a4568eafd927a82ed39b9a
b62855ef49d1da754f8bc2a803774870fb0af0e4	0000000000000000000000000000000000000000
b83d88b0ef2361e35a8b625f213046c66dab6a76	0000000000000000000000000000000000000000
b89cd764a5fa93def974d58d4e25dda32ea727a7	f8fe197b6ce6455e7a3fc6452d921325827417f1
b8be3527499c5bcfab0a30be917efc1d832a17a6	0000000000000000000000000000000000000000
b93e8fb08cdbd06a973f041ad04937a016b3b36f	880eb66dca6c424528a32364954fd384eac30b4c
bb4bea1990a72ddfc19053d493e89f9a02d5a385	9a13328cd5793debe077bffda2f645830ee3f22b
bd1e108e204561e1e8036fc47ccbc458e619d85d	0a19b4e994d59792e73a3dddaa661fa2d8a5926d
bd93c45076abec786b08dcda726d6a1f9647a9ee	a8ac97cce362c7d44a3b2ed7abdba3a6c0689015
befc6ade36f5e7dd5359cb03aac9b7c41a91a19f	0000000000000000000000000000000000000000
bf7687dfbe767233645795fc2a837a561e1610fb	0000000000000000000000000000000000000000
c2306ac659c5cc4588de67a984e962073909f86f	68cb8a5acdb0895ce3d61fe25ae828950267c246
c3166fe5283140b49ff03ec663a18897b3adae25	4bd76d21898032ae4f4284d620acfed250a1671a
c54a3483bc5886a78d0006d19ef1345c66615b1e	0000000000000000000000000000000000000000
c5f0347f7e85ab1971978878fd4b17b9e0d8ffef	0000000000000000000000000000000000000000
c608080f355679cad29010ffcd8dc3665e874b58	0000000000000000000000000000000000000000
c673564d07ef53f4552b4b4f450c9e7085043aa1	0000000000000000000000000000000000000000
c9c81654b3f4c2ec17923adc36fc1895d40c672a	0000000000000000000000000000000000000000
ca36f97a0d0d0a155c42c195b2044edb7c5e9c91	0000000000000000000000000000000000000000
cc507cf8ff4f2d4d52c1d8d25d81ef489f7f0bae	0000000000000000000000000000000000000000
cc6e60188098f27877eb2cade35168eb0af97e5d	0000000000000000000000000000000000000000
ccb53a0614cf0361da04e2d7d0c531686c91be44	0000000000000000000000000000000000000000
cd482157a8b066cf4522adbfda8188d90efe8e34	0000000000000000000000000000000000000000
cd7ddffcbf1e2d075a30e0d5068a1040a7a3703a	0000000000000000000000000000000000000000
cecd5795120a331177029d261b2ed036a5dcab9b	2afea9627c9e16235cff6e5042970f7cf14f3c89
d02744c05aab251cd936723abfd6d3e743fe5866	0000000000000000000000000000000000000000
d23570354fc74da37c609a02f555c5c8ee8f8b50	ea3d3bc74807e665c950f3289d047301f26b83cf
d2c2e791562348fcbef8b21a73cecd1b56d9a7f2	774f5bdc6e875f18210b1b9ad0172b9e686dc6fa
d639626335b449c48b088dfd37deb377eb019042	0000000000000000000000000000000000000000
d847fffa6f229f6e4a900422e5347d0ad78c0d1c	c2d56b93e56d569789216f25a4ca240b397e578a
d86df98d06e2a605f48a32bcfe47b9a1d44146e6	0000000000000000000000000000000000000000
da39ebf26e098c98923d2b69f0c3744d47e7ba2a	0000000000000000000000000000000000000000
dbf011db9c527e4b72d4609ffddb6e2488ea28bd	0000000000000000000000000000000000000000
dd9b38003f4950018166713c9ce25d2694313b46	132057df35dc43d5829e0d886d9651354d01047a
ddaebf73ed59b9ba400f20a2ce1a510e09c9cb6d	e05e21a3b0c5e712110296b151ff35c4ccb7ad93
e0394b29d417ee4aa33cb1d72c2af4a44b67d151	784d4ae7ab504c562eb9919feae8c97f022aea8f
e04bd2487fb6bd1043bc9b0d2c5b142351c4083d	e0d0795832b8d1fdfeaa350bff78657600b12867
e157f633c586aaf1b6a1fc8aa3d79120bcba1498	191892ce3d688513f01997cb82ec2315f86767a9
e26542bc88d4ccc4eb63dd01073db3e7c2661d50	25bd094f0db929ceac1f96c217163ed1ea3b72bb
e3b5ec40b2c9ec4682608bba8cdd37cc82076e1a	0000000000000000000000000000000000000000
e507b0081ab9fca1c7db141573a55fcdcc614591	0000000000000000000000000000000000000000
e6b733241719847410221329bacea1d408c77d12	fae2d11889e8c911089288a99307549047f82fc9
e9817cc1b2f403e3ce045c1cb9b3c7e142ed0531	a90af0a98fc466589671ce29c2b2ac8e4143b546
f077c1c2c8409687ee245cbf591d7ee459571136	0000000000000000000000000000000000000000
f3590adc7ccb1c7b6445164ae22eca227bfd72c7	08f3dc782a404354ef6a4677d979d9050d8cfd4f
f4bf3ef02307cfa0fff5c4f1f1b6a1e823f7779b	60b741fb6ebba559f98dd5c5e09b84f7d657359c
f55083d08ffd3b621ea7d2d234ee23b8c05d9007	50029cf6fd046d76101d8d007bd591cbea7e0fad
f66f3763dcbf01ac6426a3fa15f78bfcee231e5a	0000000000000000000000000000000000000000
f6e058e9281fe66183348903d0e4290128a3f4f1	b13ef6d80a25db5bb8754209c833032e449196e1
f74acd1ea980f08237247985dfa1ea4ef4acda01	0000000000000000000000000000000000000000
f7d4391accdc3417c4a253544271748616fddf9e	0000000000000000000000000000000000000000
f93c444aed6243b0924809673a7aabe6c754642a	0000000000000000000000000000000000000000
fa76966c4e15898097fdc0c069fa497e19b10596	c25cb232df86f85fa12238e1bf61def9f83b5384
